{
  "disallowDuplicateAttributes": true,
  "disallowIdAttributeWithStaticValue": true,
  "disallowMultipleLineBreaks": true,
  "requireClassLiteralsBeforeAttributes": true,
  "requireIdLiteralsBeforeAttributes": true,
  "requireLineFeedAtFileEnd": true,
  "requireLowerCaseAttributes": true,
  "requireLowerCaseTags": true,
  "requireSpaceAfterCodeOperator": true,
  "requireStrictEqualityOperators": true,
  "validateAttributeQuoteMarks": "'",
  "validateAttributeSeparator": ", ",
  "validateDivTags": true,
  "validateIndentation": 2
}
